Job title,Location,Salary,Company,Industry,Experience,Job type,Work model,
Analyst,UK,"27,282",The army,Military,0,IT,On-site,
IT Field Support Technician,Bedford,"25,000",Concero UK,Technology,2,IT,On-site,
IT Support Engineer,London ,"34,000",Octavian IT Services,Technology,3,IT,On-site,
Office Administrator,Hemel Hempstead ,"26,000",OSPREY LONDON,fashion brand,1,Administration,On-site,
Billing Analyst,Finchley ,"28,000",Huddle Utilities Ltd,utilities,1,IT,On-site,
Junior Developer,Leighton Buzzard,"32,000",The IAA,Technology,0,IT,On-site,
IT Support Technician,Northampton ,"25,000",Olleco,energy,2,IT,On-site,
Full Stack Developer,Leighton Buzzard,"55,000",The IAA,Technology,3,IT,On-site,
Digital and IT Analyst,Stevenage,"45,000",Tech Mahindra,Technology,1,IT,On-site,
People Systems and Data Analyst,Bedford ,"38,000",bpha,housing,1,IT,On-site,
Roadside Rescue Patrol ,High Wycombe,"43,976",The AA,patrol ,1,patrol ,On-site,
PPC Manager,UK,"35,000",Maley Digital,advertising,5,IT,Remote,
Commercial Partnering Specialist,Reading ,"37,910",AWE,Defense,2,IT,Hybrid ,
Digital Developer,Basingstoke,"50,000",Reassured,Life Insurance,2,IT,Hybrid ,
Analytics Lead,London ,"75,871",Sky,Media,1,Analytics,Remote,
IT Solutions Engineer ,Camberley ,"40,000",Focus Group,Telecommunications,1,IT,Hybrid ,
Test Automation Engineer,Farnborough ,"44,700",Leidos,Defense,1,Engineering,Hybrid ,
Sales Support,Uxbridge ,"26,000",Bridge Housing Solutions,Housing ,1,Housing ,Hybrid ,
Internal Recruiter,Uxbridge ,"30,700",KEYENCE UK,Automation,1,Automation,Hybrid ,
